duration,protocol_type,service,flag,src_bytes,dst_bytes,land,wrong_fragment,urgent,hot,m_failed_logins,logged_in,num_compromised,root_shell,su_attempted,num_root,num_file_creations,num_shells,num_access_files,num_outbound_cmds,is_host_login,is_guest_login,count,srv_count,serror_rate,srv_serror_rate,rerror_rate,srv_rerror_rate,same_srv_rate,diff_srv_rate,srv_diff_host_rate,dst_host_count,dst_host_srv_count,dst_host_same_srv_rate,dst_host_diff_srv_rate,dst_host_same_src_port_rate,dst_host_srv_diff_host_rate,dst_host_serror_rate,dst_host_srv_serror_rate,dst_host_rerror_rate,dst_host_srv_rerror_rate,labels
0,b'icmp',b'eco_i',b'SF',8,0,0,0,0,0,0,0,0,0,0,0,0,0,0,0,0,0,1,1,0.0,0.0,0.0,0.0,1.0,0.0,0.0,4,2,0.5,0.75,0.5,0.0,0.0,0.0,0.0,0.0,b'nmap.'
0,b'tcp',b'private',b'SH',0,0,0,0,0,0,0,0,0,0,0,0,0,0,0,0,0,0,2,1,1.0,1.0,0.0,0.0,0.5,1.0,0.0,14,1,0.07,0.71,0.5,0.0,0.5,1.0,0.0,0.0,b'nmap.'
0,b'tcp',b'private',b'SH',0,0,0,0,0,0,0,0,0,0,0,0,0,0,0,0,0,0,1,1,1.0,1.0,0.0,0.0,1.0,0.0,0.0,24,1,0.04,0.75,0.67,0.0,0.67,1.0,0.0,0.0,b'nmap.'
0,b'tcp',b'telnet',b'SH',0,0,0,0,0,0,0,0,0,0,0,0,0,0,0,0,0,0,1,1,1.0,1.0,0.0,0.0,1.0,0.0,0.0,34,1,0.03,0.74,0.76,0.0,0.76,1.0,0.0,0.0,b'nmap.'
0,b'tcp',b'private',b'SH',0,0,0,0,0,0,0,0,0,0,0,0,0,0,0,0,0,0,1,1,1.0,1.0,0.0,0.0,1.0,0.0,0.0,44,1,0.02,0.77,0.82,0.0,0.82,1.0,0.0,0.0,b'nmap.'
0,b'tcp',b'private',b'SH',0,0,0,0,0,0,0,0,0,0,0,0,0,0,0,0,0,0,1,1,1.0,1.0,0.0,0.0,1.0,0.0,0.0,54,1,0.02,0.81,0.85,0.0,0.85,1.0,0.0,0.0,b'nmap.'
0,b'tcp',b'private',b'SH',0,0,0,0,0,0,0,0,0,0,0,0,0,0,0,0,0,0,1,1,1.0,1.0,0.0,0.0,1.0,0.0,0.0,64,1,0.02,0.84,0.88,0.0,0.88,1.0,0.0,0.0,b'nmap.'
0,b'tcp',b'private',b'SH',0,0,0,0,0,0,0,0,0,0,0,0,0,0,0,0,0,0,1,1,1.0,1.0,0.0,0.0,1.0,0.0,0.0,74,1,0.01,0.86,0.89,0.0,0.89,1.0,0.0,0.0,b'nmap.'
0,b'tcp',b'private',b'SH',0,0,0,0,0,0,0,0,0,0,0,0,0,0,0,0,0,0,1,1,1.0,1.0,0.0,0.0,1.0,0.0,0.0,84,1,0.01,0.88,0.9,0.0,0.9,1.0,0.0,0.0,b'nmap.'
0,b'tcp',b'private',b'SH',0,0,0,0,0,0,0,0,0,0,0,0,0,0,0,0,0,0,1,1,1.0,1.0,0.0,0.0,1.0,0.0,0.0,94,1,0.01,0.89,0.91,0.0,0.91,1.0,0.0,0.0,b'nmap.'
0,b'tcp',b'private',b'SH',0,0,0,0,0,0,0,0,0,0,0,0,0,0,0,0,0,0,1,1,1.0,1.0,0.0,0.0,1.0,0.0,0.0,104,1,0.01,0.9,0.92,0.0,0.92,1.0,0.0,0.0,b'nmap.'
0,b'tcp',b'private',b'SH',0,0,0,0,0,0,0,0,0,0,0,0,0,0,0,0,0,0,1,1,1.0,1.0,0.0,0.0,1.0,0.0,0.0,114,1,0.01,0.91,0.93,0.0,0.93,1.0,0.0,0.0,b'nmap.'
0,b'tcp',b'private',b'SH',0,0,0,0,0,0,0,0,0,0,0,0,0,0,0,0,0,0,1,1,1.0,1.0,0.0,0.0,1.0,0.0,0.0,124,1,0.01,0.92,0.94,0.0,0.94,1.0,0.0,0.0,b'nmap.'
0,b'tcp',b'private',b'SH',0,0,0,0,0,0,0,0,0,0,0,0,0,0,0,0,0,0,1,1,1.0,1.0,0.0,0.0,1.0,0.0,0.0,134,1,0.01,0.93,0.94,0.0,0.94,1.0,0.0,0.0,b'nmap.'
0,b'tcp',b'private',b'SH',0,0,0,0,0,0,0,0,0,0,0,0,0,0,0,0,0,0,1,1,1.0,1.0,0.0,0.0,1.0,0.0,0.0,144,1,0.01,0.93,0.94,0.0,0.94,1.0,0.0,0.0,b'nmap.'
0,b'tcp',b'private',b'SH',0,0,0,0,0,0,0,0,0,0,0,0,0,0,0,0,0,0,1,1,1.0,1.0,0.0,0.0,1.0,0.0,0.0,154,1,0.01,0.94,0.95,0.0,0.95,1.0,0.0,0.0,b'nmap.'
0,b'tcp',b'private',b'SH',0,0,0,0,0,0,0,0,0,0,0,0,0,0,0,0,0,0,1,1,1.0,1.0,0.0,0.0,1.0,0.0,0.0,164,1,0.01,0.94,0.95,0.0,0.95,1.0,0.0,0.0,b'nmap.'
0,b'tcp',b'ctf',b'SH',0,0,0,0,0,0,0,0,0,0,0,0,0,0,0,0,0,0,1,1,1.0,1.0,0.0,0.0,1.0,0.0,0.0,174,1,0.01,0.94,0.95,0.0,0.95,1.0,0.0,0.0,b'nmap.'
0,b'tcp',b'private',b'SH',0,0,0,0,0,0,0,0,0,0,0,0,0,0,0,0,0,0,1,1,1.0,1.0,0.0,0.0,1.0,0.0,0.0,184,1,0.01,0.95,0.96,0.0,0.96,1.0,0.0,0.0,b'nmap.'
0,b'tcp',b'private',b'SH',0,0,0,0,0,0,0,0,0,0,0,0,0,0,0,0,0,0,1,1,1.0,1.0,0.0,0.0,1.0,0.0,0.0,194,1,0.01,0.95,0.96,0.0,0.96,1.0,0.0,0.0,b'nmap.'
0,b'tcp',b'private',b'SH',0,0,0,0,0,0,0,0,0,0,0,0,0,0,0,0,0,0,1,1,1.0,1.0,0.0,0.0,1.0,0.0,0.0,204,1,0.0,0.95,0.96,0.0,0.96,1.0,0.0,0.0,b'nmap.'
0,b'tcp',b'private',b'SH',0,0,0,0,0,0,0,0,0,0,0,0,0,0,0,0,0,0,1,1,1.0,1.0,0.0,0.0,1.0,0.0,0.0,214,1,0.0,0.95,0.96,0.0,0.96,1.0,0.0,0.0,b'nmap.'
0,b'tcp',b'private',b'SH',0,0,0,0,0,0,0,0,0,0,0,0,0,0,0,0,0,0,1,1,1.0,1.0,0.0,0.0,1.0,0.0,0.0,224,1,0.0,0.96,0.96,0.0,0.96,1.0,0.0,0.0,b'nmap.'
0,b'tcp',b'private',b'SH',0,0,0,0,0,0,0,0,0,0,0,0,0,0,0,0,0,0,1,1,1.0,1.0,0.0,0.0,1.0,0.0,0.0,234,1,0.0,0.96,0.97,0.0,0.97,1.0,0.0,0.0,b'nmap.'
0,b'tcp',b'private',b'SH',0,0,0,0,0,0,0,0,0,0,0,0,0,0,0,0,0,0,1,1,1.0,1.0,0.0,0.0,1.0,0.0,0.0,244,1,0.0,0.95,0.97,0.0,0.97,1.0,0.0,0.0,b'nmap.'
0,b'tcp',b'private',b'SH',0,0,0,0,0,0,0,0,0,0,0,0,0,0,0,0,0,0,1,1,1.0,1.0,0.0,0.0,1.0,0.0,0.0,254,1,0.0,0.96,0.97,0.0,0.97,1.0,0.0,0.0,b'nmap.'
0,b'tcp',b'private',b'SH',0,0,0,0,0,0,0,0,0,0,0,0,0,0,0,0,0,0,1,1,1.0,1.0,0.0,0.0,1.0,0.0,0.0,255,1,0.0,0.98,1.0,0.0,1.0,1.0,0.0,0.0,b'nmap.'
0,b'tcp',b'private',b'SH',0,0,0,0,0,0,0,0,0,0,0,0,0,0,0,0,0,0,1,1,1.0,1.0,0.0,0.0,1.0,0.0,0.0,255,1,0.0,0.99,1.0,0.0,1.0,1.0,0.0,0.0,b'nmap.'
0,b'tcp',b'private',b'SH',0,0,0,0,0,0,0,0,0,0,0,0,0,0,0,0,0,0,1,1,1.0,1.0,0.0,0.0,1.0,0.0,0.0,255,1,0.0,1.0,1.0,0.0,1.0,1.0,0.0,0.0,b'nmap.'
0,b'tcp',b'private',b'SH',0,0,0,0,0,0,0,0,0,0,0,0,0,0,0,0,0,0,1,1,1.0,1.0,0.0,0.0,1.0,0.0,0.0,255,1,0.0,1.0,1.0,0.0,1.0,1.0,0.0,0.0,b'nmap.'
0,b'tcp',b'private',b'SH',0,0,0,0,0,0,0,0,0,0,0,0,0,0,0,0,0,0,1,1,1.0,1.0,0.0,0.0,1.0,0.0,0.0,255,1,0.0,1.0,1.0,0.0,1.0,1.0,0.0,0.0,b'nmap.'
0,b'tcp',b'private',b'SH',0,0,0,0,0,0,0,0,0,0,0,0,0,0,0,0,0,0,1,1,1.0,1.0,0.0,0.0,1.0,0.0,0.0,255,1,0.0,1.0,1.0,0.0,1.0,1.0,0.0,0.0,b'nmap.'
0,b'tcp',b'private',b'SH',0,0,0,0,0,0,0,0,0,0,0,0,0,0,0,0,0,0,1,1,1.0,1.0,0.0,0.0,1.0,0.0,0.0,255,1,0.0,1.0,1.0,0.0,1.0,1.0,0.0,0.0,b'nmap.'
0,b'tcp',b'private',b'SH',0,0,0,0,0,0,0,0,0,0,0,0,0,0,0,0,0,0,1,1,1.0,1.0,0.0,0.0,1.0,0.0,0.0,255,1,0.0,1.0,1.0,0.0,1.0,1.0,0.0,0.0,b'nmap.'
0,b'tcp',b'private',b'SH',0,0,0,0,0,0,0,0,0,0,0,0,0,0,0,0,0,0,1,1,1.0,1.0,0.0,0.0,1.0,0.0,0.0,255,1,0.0,1.0,1.0,0.0,1.0,1.0,0.0,0.0,b'nmap.'
0,b'tcp',b'private',b'SH',0,0,0,0,0,0,0,0,0,0,0,0,0,0,0,0,0,0,1,1,1.0,1.0,0.0,0.0,1.0,0.0,0.0,255,1,0.0,1.0,1.0,0.0,1.0,1.0,0.0,0.0,b'nmap.'
0,b'tcp',b'private',b'SH',0,0,0,0,0,0,0,0,0,0,0,0,0,0,0,0,0,0,1,1,1.0,1.0,0.0,0.0,1.0,0.0,0.0,255,1,0.0,1.0,1.0,0.0,1.0,1.0,0.0,0.0,b'nmap.'
0,b'tcp',b'private',b'SH',0,0,0,0,0,0,0,0,0,0,0,0,0,0,0,0,0,0,1,1,1.0,1.0,0.0,0.0,1.0,0.0,0.0,255,1,0.0,1.0,1.0,0.0,1.0,1.0,0.0,0.0,b'nmap.'
0,b'tcp',b'private',b'SH',0,0,0,0,0,0,0,0,0,0,0,0,0,0,0,0,0,0,1,1,1.0,1.0,0.0,0.0,1.0,0.0,0.0,255,1,0.0,1.0,1.0,0.0,1.0,1.0,0.0,0.0,b'nmap.'
0,b'tcp',b'private',b'SH',0,0,0,0,0,0,0,0,0,0,0,0,0,0,0,0,0,0,1,1,1.0,1.0,0.0,0.0,1.0,0.0,0.0,255,1,0.0,1.0,1.0,0.0,1.0,1.0,0.0,0.0,b'nmap.'
0,b'tcp',b'private',b'SH',0,0,0,0,0,0,0,0,0,0,0,0,0,0,0,0,0,0,1,1,1.0,1.0,0.0,0.0,1.0,0.0,0.0,255,1,0.0,1.0,1.0,0.0,1.0,1.0,0.0,0.0,b'nmap.'
0,b'tcp',b'private',b'SH',0,0,0,0,0,0,0,0,0,0,0,0,0,0,0,0,0,0,1,1,1.0,1.0,0.0,0.0,1.0,0.0,0.0,255,1,0.0,1.0,1.0,0.0,1.0,1.0,0.0,0.0,b'nmap.'
0,b'tcp',b'private',b'SH',0,0,0,0,0,0,0,0,0,0,0,0,0,0,0,0,0,0,1,1,1.0,1.0,0.0,0.0,1.0,0.0,0.0,255,1,0.0,1.0,1.0,0.0,1.0,1.0,0.0,0.0,b'nmap.'
0,b'tcp',b'private',b'SH',0,0,0,0,0,0,0,0,0,0,0,0,0,0,0,0,0,0,1,1,1.0,1.0,0.0,0.0,1.0,0.0,0.0,255,1,0.0,1.0,1.0,0.0,1.0,1.0,0.0,0.0,b'nmap.'
0,b'tcp',b'private',b'SH',0,0,0,0,0,0,0,0,0,0,0,0,0,0,0,0,0,0,1,1,1.0,1.0,0.0,0.0,1.0,0.0,0.0,255,1,0.0,1.0,1.0,0.0,1.0,1.0,0.0,0.0,b'nmap.'
0,b'tcp',b'private',b'SH',0,0,0,0,0,0,0,0,0,0,0,0,0,0,0,0,0,0,1,1,1.0,1.0,0.0,0.0,1.0,0.0,0.0,255,1,0.0,1.0,1.0,0.0,1.0,1.0,0.0,0.0,b'nmap.'
0,b'tcp',b'private',b'SH',0,0,0,0,0,0,0,0,0,0,0,0,0,0,0,0,0,0,1,1,1.0,1.0,0.0,0.0,1.0,0.0,0.0,255,1,0.0,1.0,1.0,0.0,1.0,1.0,0.0,0.0,b'nmap.'
0,b'tcp',b'private',b'SH',0,0,0,0,0,0,0,0,0,0,0,0,0,0,0,0,0,0,1,1,1.0,1.0,0.0,0.0,1.0,0.0,0.0,255,1,0.0,1.0,1.0,0.0,1.0,1.0,0.0,0.0,b'nmap.'
0,b'tcp',b'private',b'SH',0,0,0,0,0,0,0,0,0,0,0,0,0,0,0,0,0,0,1,1,1.0,1.0,0.0,0.0,1.0,0.0,0.0,255,1,0.0,1.0,1.0,0.0,1.0,1.0,0.0,0.0,b'nmap.'
0,b'tcp',b'private',b'SH',0,0,0,0,0,0,0,0,0,0,0,0,0,0,0,0,0,0,1,1,1.0,1.0,0.0,0.0,1.0,0.0,0.0,255,1,0.0,1.0,1.0,0.0,1.0,1.0,0.0,0.0,b'nmap.'
0,b'tcp',b'private',b'SH',0,0,0,0,0,0,0,0,0,0,0,0,0,0,0,0,0,0,1,1,1.0,1.0,0.0,0.0,1.0,0.0,0.0,255,1,0.0,1.0,1.0,0.0,1.0,1.0,0.0,0.0,b'nmap.'
0,b'tcp',b'private',b'SH',0,0,0,0,0,0,0,0,0,0,0,0,0,0,0,0,0,0,1,1,1.0,1.0,0.0,0.0,1.0,0.0,0.0,255,1,0.0,1.0,1.0,0.0,1.0,1.0,0.0,0.0,b'nmap.'
0,b'tcp',b'private',b'SH',0,0,0,0,0,0,0,0,0,0,0,0,0,0,0,0,0,0,1,1,1.0,1.0,0.0,0.0,1.0,0.0,0.0,255,1,0.0,1.0,1.0,0.0,1.0,1.0,0.0,0.0,b'nmap.'
0,b'tcp',b'private',b'SH',0,0,0,0,0,0,0,0,0,0,0,0,0,0,0,0,0,0,1,1,1.0,1.0,0.0,0.0,1.0,0.0,0.0,255,1,0.0,1.0,1.0,0.0,1.0,1.0,0.0,0.0,b'nmap.'
0,b'tcp',b'private',b'SH',0,0,0,0,0,0,0,0,0,0,0,0,0,0,0,0,0,0,1,1,1.0,1.0,0.0,0.0,1.0,0.0,0.0,255,1,0.0,1.0,1.0,0.0,1.0,1.0,0.0,0.0,b'nmap.'
0,b'tcp',b'private',b'SH',0,0,0,0,0,0,0,0,0,0,0,0,0,0,0,0,0,0,1,1,1.0,1.0,0.0,0.0,1.0,0.0,0.0,255,1,0.0,1.0,1.0,0.0,1.0,1.0,0.0,0.0,b'nmap.'
0,b'tcp',b'private',b'SH',0,0,0,0,0,0,0,0,0,0,0,0,0,0,0,0,0,0,1,1,1.0,1.0,0.0,0.0,1.0,0.0,0.0,255,1,0.0,1.0,1.0,0.0,1.0,1.0,0.0,0.0,b'nmap.'
0,b'tcp',b'private',b'SH',0,0,0,0,0,0,0,0,0,0,0,0,0,0,0,0,0,0,1,1,1.0,1.0,0.0,0.0,1.0,0.0,0.0,255,1,0.0,1.0,1.0,0.0,1.0,1.0,0.0,0.0,b'nmap.'
0,b'tcp',b'private',b'SH',0,0,0,0,0,0,0,0,0,0,0,0,0,0,0,0,0,0,1,1,1.0,1.0,0.0,0.0,1.0,0.0,0.0,255,1,0.0,1.0,1.0,0.0,1.0,1.0,0.0,0.0,b'nmap.'
0,b'tcp',b'private',b'SH',0,0,0,0,0,0,0,0,0,0,0,0,0,0,0,0,0,0,1,1,1.0,1.0,0.0,0.0,1.0,0.0,0.0,255,1,0.0,1.0,1.0,0.0,1.0,1.0,0.0,0.0,b'nmap.'
0,b'tcp',b'private',b'SH',0,0,0,0,0,0,0,0,0,0,0,0,0,0,0,0,0,0,1,1,1.0,1.0,0.0,0.0,1.0,0.0,0.0,255,1,0.0,1.0,1.0,0.0,1.0,1.0,0.0,0.0,b'nmap.'
0,b'tcp',b'private',b'SH',0,0,0,0,0,0,0,0,0,0,0,0,0,0,0,0,0,0,1,1,1.0,1.0,0.0,0.0,1.0,0.0,0.0,255,1,0.0,1.0,1.0,0.0,1.0,1.0,0.0,0.0,b'nmap.'
0,b'tcp',b'private',b'SH',0,0,0,0,0,0,0,0,0,0,0,0,0,0,0,0,0,0,1,1,1.0,1.0,0.0,0.0,1.0,0.0,0.0,255,1,0.0,1.0,1.0,0.0,1.0,1.0,0.0,0.0,b'nmap.'
0,b'tcp',b'private',b'SH',0,0,0,0,0,0,0,0,0,0,0,0,0,0,0,0,0,0,1,1,1.0,1.0,0.0,0.0,1.0,0.0,0.0,255,1,0.0,1.0,1.0,0.0,1.0,1.0,0.0,0.0,b'nmap.'
0,b'tcp',b'private',b'SH',0,0,0,0,0,0,0,0,0,0,0,0,0,0,0,0,0,0,1,1,1.0,1.0,0.0,0.0,1.0,0.0,0.0,255,1,0.0,1.0,1.0,0.0,1.0,1.0,0.0,0.0,b'nmap.'
0,b'tcp',b'pop_3',b'SH',0,0,0,0,0,0,0,0,0,0,0,0,0,0,0,0,0,0,1,1,1.0,1.0,0.0,0.0,1.0,0.0,0.0,255,1,0.0,1.0,1.0,0.0,1.0,1.0,0.0,0.0,b'nmap.'
0,b'tcp',b'private',b'SH',0,0,0,0,0,0,0,0,0,0,0,0,0,0,0,0,0,0,1,1,1.0,1.0,0.0,0.0,1.0,0.0,0.0,255,1,0.0,1.0,1.0,0.0,1.0,1.0,0.0,0.0,b'nmap.'
0,b'tcp',b'private',b'SH',0,0,0,0,0,0,0,0,0,0,0,0,0,0,0,0,0,0,1,1,1.0,1.0,0.0,0.0,1.0,0.0,0.0,255,1,0.0,1.0,1.0,0.0,1.0,1.0,0.0,0.0,b'nmap.'
0,b'tcp',b'private',b'SH',0,0,0,0,0,0,0,0,0,0,0,0,0,0,0,0,0,0,1,1,1.0,1.0,0.0,0.0,1.0,0.0,0.0,255,1,0.0,1.0,1.0,0.0,1.0,1.0,0.0,0.0,b'nmap.'
0,b'tcp',b'private',b'SH',0,0,0,0,0,0,0,0,0,0,0,0,0,0,0,0,0,0,1,1,1.0,1.0,0.0,0.0,1.0,0.0,0.0,255,1,0.0,1.0,1.0,0.0,1.0,1.0,0.0,0.0,b'nmap.'
0,b'tcp',b'private',b'SH',0,0,0,0,0,0,0,0,0,0,0,0,0,0,0,0,0,0,1,1,1.0,1.0,0.0,0.0,1.0,0.0,0.0,255,1,0.0,1.0,1.0,0.0,1.0,1.0,0.0,0.0,b'nmap.'
0,b'tcp',b'private',b'SH',0,0,0,0,0,0,0,0,0,0,0,0,0,0,0,0,0,0,1,1,1.0,1.0,0.0,0.0,1.0,0.0,0.0,255,1,0.0,1.0,1.0,0.0,1.0,1.0,0.0,0.0,b'nmap.'
0,b'tcp',b'private',b'SH',0,0,0,0,0,0,0,0,0,0,0,0,0,0,0,0,0,0,1,1,1.0,1.0,0.0,0.0,1.0,0.0,0.0,255,1,0.0,1.0,1.0,0.0,1.0,1.0,0.0,0.0,b'nmap.'
0,b'tcp',b'private',b'SH',0,0,0,0,0,0,0,0,0,0,0,0,0,0,0,0,0,0,1,1,1.0,1.0,0.0,0.0,1.0,0.0,0.0,255,1,0.0,1.0,1.0,0.0,1.0,1.0,0.0,0.0,b'nmap.'
0,b'tcp',b'private',b'SH',0,0,0,0,0,0,0,0,0,0,0,0,0,0,0,0,0,0,1,1,1.0,1.0,0.0,0.0,1.0,0.0,0.0,255,1,0.0,1.0,1.0,0.0,1.0,1.0,0.0,0.0,b'nmap.'
0,b'tcp',b'private',b'SH',0,0,0,0,0,0,0,0,0,0,0,0,0,0,0,0,0,0,1,1,1.0,1.0,0.0,0.0,1.0,0.0,0.0,255,1,0.0,1.0,1.0,0.0,1.0,1.0,0.0,0.0,b'nmap.'
0,b'tcp',b'private',b'SH',0,0,0,0,0,0,0,0,0,0,0,0,0,0,0,0,0,0,1,1,1.0,1.0,0.0,0.0,1.0,0.0,0.0,255,1,0.0,1.0,1.0,0.0,1.0,1.0,0.0,0.0,b'nmap.'
0,b'tcp',b'private',b'SH',0,0,0,0,0,0,0,0,0,0,0,0,0,0,0,0,0,0,1,1,1.0,1.0,0.0,0.0,1.0,0.0,0.0,255,1,0.0,1.0,1.0,0.0,1.0,1.0,0.0,0.0,b'nmap.'
0,b'tcp',b'private',b'SH',0,0,0,0,0,0,0,0,0,0,0,0,0,0,0,0,0,0,1,1,1.0,1.0,0.0,0.0,1.0,0.0,0.0,255,1,0.0,1.0,1.0,0.0,1.0,1.0,0.0,0.0,b'nmap.'
0,b'tcp',b'private',b'SH',0,0,0,0,0,0,0,0,0,0,0,0,0,0,0,0,0,0,1,1,1.0,1.0,0.0,0.0,1.0,0.0,0.0,255,1,0.0,1.0,1.0,0.0,1.0,1.0,0.0,0.0,b'nmap.'
0,b'tcp',b'private',b'SH',0,0,0,0,0,0,0,0,0,0,0,0,0,0,0,0,0,0,1,1,1.0,1.0,0.0,0.0,1.0,0.0,0.0,255,1,0.0,1.0,1.0,0.0,1.0,1.0,0.0,0.0,b'nmap.'
0,b'tcp',b'private',b'SH',0,0,0,0,0,0,0,0,0,0,0,0,0,0,0,0,0,0,1,1,1.0,1.0,0.0,0.0,1.0,0.0,0.0,255,1,0.0,1.0,1.0,0.0,1.0,1.0,0.0,0.0,b'nmap.'
0,b'tcp',b'private',b'SH',0,0,0,0,0,0,0,0,0,0,0,0,0,0,0,0,0,0,1,1,1.0,1.0,0.0,0.0,1.0,0.0,0.0,255,1,0.0,1.0,1.0,0.0,1.0,1.0,0.0,0.0,b'nmap.'
0,b'tcp',b'private',b'SH',0,0,0,0,0,0,0,0,0,0,0,0,0,0,0,0,0,0,1,1,1.0,1.0,0.0,0.0,1.0,0.0,0.0,255,1,0.0,1.0,1.0,0.0,1.0,1.0,0.0,0.0,b'nmap.'
0,b'tcp',b'private',b'SH',0,0,0,0,0,0,0,0,0,0,0,0,0,0,0,0,0,0,1,1,1.0,1.0,0.0,0.0,1.0,0.0,0.0,255,1,0.0,1.0,1.0,0.0,1.0,1.0,0.0,0.0,b'nmap.'
0,b'tcp',b'private',b'SH',0,0,0,0,0,0,0,0,0,0,0,0,0,0,0,0,0,0,1,1,1.0,1.0,0.0,0.0,1.0,0.0,0.0,255,1,0.0,1.0,1.0,0.0,1.0,1.0,0.0,0.0,b'nmap.'
0,b'tcp',b'private',b'SH',0,0,0,0,0,0,0,0,0,0,0,0,0,0,0,0,0,0,1,1,1.0,1.0,0.0,0.0,1.0,0.0,0.0,255,1,0.0,1.0,1.0,0.0,1.0,1.0,0.0,0.0,b'nmap.'
0,b'tcp',b'private',b'SH',0,0,0,0,0,0,0,0,0,0,0,0,0,0,0,0,0,0,1,1,1.0,1.0,0.0,0.0,1.0,0.0,0.0,255,1,0.0,1.0,1.0,0.0,1.0,1.0,0.0,0.0,b'nmap.'
0,b'tcp',b'private',b'SH',0,0,0,0,0,0,0,0,0,0,0,0,0,0,0,0,0,0,1,1,1.0,1.0,0.0,0.0,1.0,0.0,0.0,255,1,0.0,1.0,1.0,0.0,1.0,1.0,0.0,0.0,b'nmap.'
0,b'tcp',b'private',b'SH',0,0,0,0,0,0,0,0,0,0,0,0,0,0,0,0,0,0,1,1,1.0,1.0,0.0,0.0,1.0,0.0,0.0,255,1,0.0,1.0,1.0,0.0,1.0,1.0,0.0,0.0,b'nmap.'
0,b'tcp',b'private',b'SH',0,0,0,0,0,0,0,0,0,0,0,0,0,0,0,0,0,0,1,1,1.0,1.0,0.0,0.0,1.0,0.0,0.0,255,1,0.0,1.0,1.0,0.0,1.0,1.0,0.0,0.0,b'nmap.'
0,b'tcp',b'private',b'SH',0,0,0,0,0,0,0,0,0,0,0,0,0,0,0,0,0,0,1,1,1.0,1.0,0.0,0.0,1.0,0.0,0.0,255,1,0.0,1.0,1.0,0.0,1.0,1.0,0.0,0.0,b'nmap.'
0,b'tcp',b'private',b'SH',0,0,0,0,0,0,0,0,0,0,0,0,0,0,0,0,0,0,1,1,1.0,1.0,0.0,0.0,1.0,0.0,0.0,255,1,0.0,1.0,1.0,0.0,1.0,1.0,0.0,0.0,b'nmap.'
0,b'tcp',b'private',b'SH',0,0,0,0,0,0,0,0,0,0,0,0,0,0,0,0,0,0,1,1,1.0,1.0,0.0,0.0,1.0,0.0,0.0,255,1,0.0,1.0,1.0,0.0,1.0,1.0,0.0,0.0,b'nmap.'
0,b'tcp',b'private',b'SH',0,0,0,0,0,0,0,0,0,0,0,0,0,0,0,0,0,0,1,1,1.0,1.0,0.0,0.0,1.0,0.0,0.0,255,1,0.0,1.0,1.0,0.0,1.0,1.0,0.0,0.0,b'nmap.'
0,b'tcp',b'private',b'SH',0,0,0,0,0,0,0,0,0,0,0,0,0,0,0,0,0,0,1,1,1.0,1.0,0.0,0.0,1.0,0.0,0.0,255,1,0.0,1.0,1.0,0.0,1.0,1.0,0.0,0.0,b'nmap.'
0,b'tcp',b'private',b'SH',0,0,0,0,0,0,0,0,0,0,0,0,0,0,0,0,0,0,1,1,1.0,1.0,0.0,0.0,1.0,0.0,0.0,255,1,0.0,1.0,1.0,0.0,1.0,1.0,0.0,0.0,b'nmap.'
0,b'tcp',b'nntp',b'SH',0,0,0,0,0,0,0,0,0,0,0,0,0,0,0,0,0,0,1,1,1.0,1.0,0.0,0.0,1.0,0.0,0.0,255,1,0.0,1.0,1.0,0.0,1.0,1.0,0.0,0.0,b'nmap.'
0,b'tcp',b'private',b'SH',0,0,0,0,0,0,0,0,0,0,0,0,0,0,0,0,0,0,1,1,1.0,1.0,0.0,0.0,1.0,0.0,0.0,255,1,0.0,1.0,1.0,0.0,1.0,1.0,0.0,0.0,b'nmap.'
0,b'tcp',b'private',b'SH',0,0,0,0,0,0,0,0,0,0,0,0,0,0,0,0,0,0,1,1,1.0,1.0,0.0,0.0,1.0,0.0,0.0,255,1,0.0,1.0,1.0,0.0,1.0,1.0,0.0,0.0,b'nmap.'
0,b'tcp',b'private',b'SH',0,0,0,0,0,0,0,0,0,0,0,0,0,0,0,0,0,0,1,1,1.0,1.0,0.0,0.0,1.0,0.0,0.0,255,1,0.0,1.0,1.0,0.0,1.0,1.0,0.0,0.0,b'nmap.'
0,b'tcp',b'private',b'SH',0,0,0,0,0,0,0,0,0,0,0,0,0,0,0,0,0,0,1,1,1.0,1.0,0.0,0.0,1.0,0.0,0.0,255,1,0.0,1.0,1.0,0.0,1.0,1.0,0.0,0.0,b'nmap.'
0,b'tcp',b'private',b'SH',0,0,0,0,0,0,0,0,0,0,0,0,0,0,0,0,0,0,1,1,1.0,1.0,0.0,0.0,1.0,0.0,0.0,255,1,0.0,1.0,1.0,0.0,1.0,1.0,0.0,0.0,b'nmap.'
0,b'tcp',b'private',b'SH',0,0,0,0,0,0,0,0,0,0,0,0,0,0,0,0,0,0,1,1,1.0,1.0,0.0,0.0,1.0,0.0,0.0,255,1,0.0,1.0,1.0,0.0,1.0,1.0,0.0,0.0,b'nmap.'
0,b'icmp',b'ecr_i',b'SF',8,0,0,0,0,0,0,0,0,0,0,0,0,0,0,0,0,0,1,1,0.0,0.0,0.0,0.0,1.0,0.0,0.0,5,5,1.0,0.0,1.0,0.0,0.0,0.0,0.0,0.0,b'nmap.'
0,b'udp',b'private',b'SF',207,0,0,0,0,0,0,0,0,0,0,0,0,0,0,0,0,0,2,2,0.0,0.0,0.0,0.0,1.0,0.0,0.0,2,2,1.0,0.0,1.0,0.0,0.0,0.0,0.0,0.0,b'nmap.'
0,b'udp',b'private',b'SF',207,0,0,0,0,0,0,0,0,0,0,0,0,0,0,0,0,0,2,2,0.0,0.0,0.0,0.0,1.0,0.0,0.0,12,12,1.0,0.0,1.0,0.0,0.0,0.0,0.0,0.0,b'nmap.'
0,b'udp',b'private',b'SF',207,0,0,0,0,0,0,0,0,0,0,0,0,0,0,0,0,0,2,2,0.0,0.0,0.0,0.0,1.0,0.0,0.0,22,22,1.0,0.0,1.0,0.0,0.0,0.0,0.0,0.0,b'nmap.'
0,b'udp',b'private',b'SF',100,0,0,0,0,0,0,0,0,0,0,0,0,0,0,0,0,0,2,2,0.0,0.0,0.0,0.0,1.0,0.0,0.0,32,2,0.06,0.06,0.06,0.0,0.0,0.0,0.0,0.0,b'nmap.'
0,b'udp',b'private',b'SF',207,0,0,0,0,0,0,0,0,0,0,0,0,0,0,0,0,0,2,2,0.0,0.0,0.0,0.0,1.0,0.0,0.0,42,34,0.81,0.05,0.81,0.0,0.0,0.0,0.0,0.0,b'nmap.'
0,b'udp',b'private',b'SF',207,0,0,0,0,0,0,0,0,0,0,0,0,0,0,0,0,0,2,2,0.0,0.0,0.0,0.0,1.0,0.0,0.0,52,44,0.85,0.04,0.85,0.0,0.0,0.0,0.0,0.0,b'nmap.'
0,b'udp',b'private',b'SF',207,0,0,0,0,0,0,0,0,0,0,0,0,0,0,0,0,0,2,2,0.0,0.0,0.0,0.0,1.0,0.0,0.0,62,54,0.87,0.03,0.87,0.0,0.0,0.0,0.0,0.0,b'nmap.'
0,b'udp',b'private',b'SF',207,0,0,0,0,0,0,0,0,0,0,0,0,0,0,0,0,0,2,2,0.0,0.0,0.0,0.0,1.0,0.0,0.0,72,64,0.89,0.03,0.89,0.0,0.0,0.0,0.0,0.0,b'nmap.'
0,b'udp',b'private',b'SF',100,0,0,0,0,0,0,0,0,0,0,0,0,0,0,0,0,0,3,3,0.0,0.0,0.0,0.0,1.0,0.0,0.0,82,12,0.15,0.02,0.15,0.0,0.0,0.0,0.0,0.0,b'nmap.'
0,b'udp',b'private',b'SF',207,0,0,0,0,0,0,0,0,0,0,0,0,0,0,0,0,0,2,2,0.0,0.0,0.0,0.0,1.0,0.0,0.0,92,76,0.83,0.02,0.83,0.0,0.0,0.0,0.0,0.0,b'nmap.'
0,b'udp',b'private',b'SF',207,0,0,0,0,0,0,0,0,0,0,0,0,0,0,0,0,0,2,2,0.0,0.0,0.0,0.0,1.0,0.0,0.0,102,86,0.84,0.02,0.84,0.0,0.0,0.0,0.0,0.0,b'nmap.'
0,b'udp',b'private',b'SF',207,0,0,0,0,0,0,0,0,0,0,0,0,0,0,0,0,0,2,2,0.0,0.0,0.0,0.0,1.0,0.0,0.0,112,96,0.86,0.02,0.86,0.0,0.0,0.0,0.0,0.0,b'nmap.'
0,b'udp',b'private',b'SF',207,0,0,0,0,0,0,0,0,0,0,0,0,0,0,0,0,0,2,2,0.0,0.0,0.0,0.0,1.0,0.0,0.0,122,106,0.87,0.02,0.87,0.0,0.0,0.0,0.0,0.0,b'nmap.'
0,b'udp',b'private',b'SF',100,0,0,0,0,0,0,0,0,0,0,0,0,0,0,0,0,0,2,2,0.0,0.0,0.0,0.0,1.0,0.0,0.0,132,22,0.17,0.02,0.17,0.0,0.0,0.0,0.0,0.0,b'nmap.'
0,b'udp',b'private',b'SF',207,0,0,0,0,0,0,0,0,0,0,0,0,0,0,0,0,0,2,2,0.0,0.0,0.0,0.0,1.0,0.0,0.0,142,118,0.83,0.01,0.83,0.0,0.0,0.0,0.0,0.0,b'nmap.'
0,b'udp',b'private',b'SF',207,0,0,0,0,0,0,0,0,0,0,0,0,0,0,0,0,0,2,2,0.0,0.0,0.0,0.0,1.0,0.0,0.0,152,128,0.84,0.01,0.84,0.0,0.0,0.0,0.0,0.0,b'nmap.'
0,b'udp',b'private',b'SF',207,0,0,0,0,0,0,0,0,0,0,0,0,0,0,0,0,0,2,2,0.0,0.0,0.0,0.0,1.0,0.0,0.0,162,138,0.85,0.01,0.85,0.0,0.0,0.0,0.0,0.0,b'nmap.'
0,b'udp',b'private',b'SF',207,0,0,0,0,0,0,0,0,0,0,0,0,0,0,0,0,0,2,2,0.0,0.0,0.0,0.0,1.0,0.0,0.0,172,148,0.86,0.01,0.86,0.0,0.0,0.0,0.0,0.0,b'nmap.'
0,b'udp',b'private',b'SF',100,0,0,0,0,0,0,0,0,0,0,0,0,0,0,0,0,0,3,3,0.0,0.0,0.0,0.0,1.0,0.0,0.0,182,32,0.18,0.01,0.18,0.0,0.0,0.0,0.0,0.0,b'nmap.'
0,b'udp',b'private',b'SF',207,0,0,0,0,0,0,0,0,0,0,0,0,0,0,0,0,0,2,2,0.0,0.0,0.0,0.0,1.0,0.0,0.0,192,160,0.83,0.01,0.83,0.0,0.0,0.0,0.0,0.0,b'nmap.'
0,b'udp',b'private',b'SF',207,0,0,0,0,0,0,0,0,0,0,0,0,0,0,0,0,0,2,2,0.0,0.0,0.0,0.0,1.0,0.0,0.0,202,170,0.84,0.01,0.84,0.0,0.0,0.0,0.0,0.0,b'nmap.'
0,b'udp',b'private',b'SF',207,0,0,0,0,0,0,0,0,0,0,0,0,0,0,0,0,0,2,2,0.0,0.0,0.0,0.0,1.0,0.0,0.0,212,180,0.85,0.01,0.85,0.0,0.0,0.0,0.0,0.0,b'nmap.'
0,b'udp',b'private',b'SF',207,0,0,0,0,0,0,0,0,0,0,0,0,0,0,0,0,0,2,2,0.0,0.0,0.0,0.0,1.0,0.0,0.0,222,190,0.86,0.01,0.86,0.0,0.0,0.0,0.0,0.0,b'nmap.'
0,b'udp',b'private',b'SF',207,0,0,0,0,0,0,0,0,0,0,0,0,0,0,0,0,0,2,2,0.0,0.0,0.0,0.0,1.0,0.0,0.0,232,192,0.83,0.01,0.83,0.0,0.0,0.0,0.0,0.0,b'nmap.'
0,b'udp',b'private',b'SF',207,0,0,0,0,0,0,0,0,0,0,0,0,0,0,0,0,0,2,2,0.0,0.0,0.0,0.0,1.0,0.0,0.0,242,202,0.83,0.01,0.83,0.0,0.0,0.0,0.0,0.0,b'nmap.'
0,b'icmp',b'eco_i',b'SF',8,0,0,0,0,0,0,0,0,0,0,0,0,0,0,0,0,0,1,3,0.0,0.0,0.0,0.0,1.0,0.0,1.0,2,10,1.0,0.0,1.0,0.3,0.0,0.0,0.0,0.0,b'nmap.'
0,b'icmp',b'eco_i',b'SF',8,0,0,0,0,0,0,0,0,0,0,0,0,0,0,0,0,0,1,3,0.0,0.0,0.0,0.0,1.0,0.0,1.0,4,20,1.0,0.0,1.0,0.25,0.0,0.0,0.0,0.0,b'nmap.'
0,b'icmp',b'eco_i',b'SF',8,0,0,0,0,0,0,0,0,0,0,0,0,0,0,0,0,0,1,38,0.0,0.0,0.0,0.0,1.0,0.0,1.0,2,30,1.0,0.0,1.0,0.27,0.0,0.0,0.0,0.0,b'nmap.'
0,b'icmp',b'eco_i',b'SF',8,0,0,0,0,0,0,0,0,0,0,0,0,0,0,0,0,0,1,7,0.0,0.0,0.0,0.0,1.0,0.0,1.0,4,40,1.0,0.0,1.0,0.25,0.0,0.0,0.0,0.0,b'nmap.'
0,b'icmp',b'eco_i',b'SF',8,0,0,0,0,0,0,0,0,0,0,0,0,0,0,0,0,0,1,43,0.0,0.0,0.0,0.0,1.0,0.0,1.0,2,50,1.0,0.0,1.0,0.26,0.0,0.0,0.0,0.0,b'nmap.'
0,b'icmp',b'eco_i',b'SF',8,0,0,0,0,0,0,0,0,0,0,0,0,0,0,0,0,0,1,11,0.0,0.0,0.0,0.0,1.0,0.0,1.0,4,60,1.0,0.0,1.0,0.25,0.0,0.0,0.0,0.0,b'nmap.'
0,b'icmp',b'eco_i',b'SF',8,0,0,0,0,0,0,0,0,0,0,0,0,0,0,0,0,0,1,47,0.0,0.0,0.0,0.0,1.0,0.0,1.0,2,70,1.0,0.0,1.0,0.26,0.0,0.0,0.0,0.0,b'nmap.'
0,b'icmp',b'eco_i',b'SF',8,0,0,0,0,0,0,0,0,0,0,0,0,0,0,0,0,0,1,16,0.0,0.0,0.0,0.0,1.0,0.0,1.0,4,80,1.0,0.0,1.0,0.25,0.0,0.0,0.0,0.0,b'nmap.'
0,b'icmp',b'eco_i',b'SF',8,0,0,0,0,0,0,0,0,0,0,0,0,0,0,0,0,0,1,48,0.0,0.0,0.0,0.0,1.0,0.0,1.0,2,90,1.0,0.0,1.0,0.26,0.0,0.0,0.0,0.0,b'nmap.'
0,b'icmp',b'eco_i',b'SF',8,0,0,0,0,0,0,0,0,0,0,0,0,0,0,0,0,0,1,26,0.0,0.0,0.0,0.0,1.0,0.0,1.0,4,100,1.0,0.0,1.0,0.25,0.0,0.0,0.0,0.0,b'nmap.'
0,b'icmp',b'eco_i',b'SF',8,0,0,0,0,0,0,0,0,0,0,0,0,0,0,0,0,0,1,2,0.0,0.0,0.0,0.0,1.0,0.0,1.0,2,110,1.0,0.0,1.0,0.25,0.0,0.0,0.0,0.0,b'nmap.'
0,b'icmp',b'eco_i',b'SF',8,0,0,0,0,0,0,0,0,0,0,0,0,0,0,0,0,0,1,24,0.0,0.0,0.0,0.0,1.0,0.0,1.0,4,120,1.0,0.0,1.0,0.25,0.0,0.0,0.0,0.0,b'nmap.'
0,b'icmp',b'eco_i',b'SF',8,0,0,0,0,0,0,0,0,0,0,0,0,0,0,0,0,0,1,7,0.0,0.0,0.0,0.0,1.0,0.0,1.0,2,130,1.0,0.0,1.0,0.25,0.0,0.0,0.0,0.0,b'nmap.'
0,b'icmp',b'eco_i',b'SF',8,0,0,0,0,0,0,0,0,0,0,0,0,0,0,0,0,0,1,29,0.0,0.0,0.0,0.0,1.0,0.0,1.0,4,140,1.0,0.0,1.0,0.25,0.0,0.0,0.0,0.0,b'nmap.'
0,b'icmp',b'eco_i',b'SF',8,0,0,0,0,0,0,0,0,0,0,0,0,0,0,0,0,0,1,11,0.0,0.0,0.0,0.0,1.0,0.0,1.0,2,150,1.0,0.0,1.0,0.25,0.0,0.0,0.0,0.0,b'nmap.'
0,b'icmp',b'eco_i',b'SF',8,0,0,0,0,0,0,0,0,0,0,0,0,0,0,0,0,0,1,33,0.0,0.0,0.0,0.0,1.0,0.0,1.0,4,160,1.0,0.0,1.0,0.25,0.0,0.0,0.0,0.0,b'nmap.'
0,b'icmp',b'eco_i',b'SF',8,0,0,0,0,0,0,0,0,0,0,0,0,0,0,0,0,0,1,17,0.0,0.0,0.0,0.0,1.0,0.0,1.0,2,170,1.0,0.0,1.0,0.25,0.0,0.0,0.0,0.0,b'nmap.'
0,b'icmp',b'eco_i',b'SF',8,0,0,0,0,0,0,0,0,0,0,0,0,0,0,0,0,0,1,38,0.0,0.0,0.0,0.0,1.0,0.0,1.0,4,180,1.0,0.0,1.0,0.25,0.0,0.0,0.0,0.0,b'nmap.'
0,b'icmp',b'eco_i',b'SF',8,0,0,0,0,0,0,0,0,0,0,0,0,0,0,0,0,0,1,21,0.0,0.0,0.0,0.0,1.0,0.0,1.0,2,190,1.0,0.0,1.0,0.25,0.0,0.0,0.0,0.0,b'nmap.'
0,b'icmp',b'eco_i',b'SF',8,0,0,0,0,0,0,0,0,0,0,0,0,0,0,0,0,0,1,42,0.0,0.0,0.0,0.0,1.0,0.0,1.0,4,200,1.0,0.0,1.0,0.25,0.0,0.0,0.0,0.0,b'nmap.'
0,b'icmp',b'eco_i',b'SF',8,0,0,0,0,0,0,0,0,0,0,0,0,0,0,0,0,0,1,36,0.0,0.0,0.0,0.0,1.0,0.0,1.0,2,210,1.0,0.0,1.0,0.25,0.0,0.0,0.0,0.0,b'nmap.'
0,b'icmp',b'eco_i',b'SF',8,0,0,0,0,0,0,0,0,0,0,0,0,0,0,0,0,0,1,46,0.0,0.0,0.0,0.0,1.0,0.0,1.0,4,220,1.0,0.0,1.0,0.25,0.0,0.0,0.0,0.0,b'nmap.'
0,b'icmp',b'eco_i',b'SF',8,0,0,0,0,0,0,0,0,0,0,0,0,0,0,0,0,0,1,50,0.0,0.0,0.0,0.0,1.0,0.0,1.0,4,61,1.0,0.0,1.0,0.26,0.0,0.0,0.0,0.0,b'nmap.'
0,b'icmp',b'eco_i',b'SF',8,0,0,0,0,0,0,0,0,0,0,0,0,0,0,0,0,0,1,28,0.0,0.0,0.0,0.0,1.0,0.0,1.0,2,61,1.0,0.0,1.0,0.26,0.0,0.0,0.0,0.0,b'nmap.'
0,b'icmp',b'eco_i',b'SF',8,0,0,0,0,0,0,0,0,0,0,0,0,0,0,0,0,0,1,2,0.0,0.0,0.0,0.0,1.0,0.0,1.0,4,61,1.0,0.0,1.0,0.26,0.0,0.0,0.0,0.0,b'nmap.'
0,b'icmp',b'eco_i',b'SF',8,0,0,0,0,0,0,0,0,0,0,0,0,0,0,0,0,0,1,52,0.0,0.0,0.0,0.0,1.0,0.0,1.0,2,61,1.0,0.0,1.0,0.26,0.0,0.0,0.0,0.0,b'nmap.'
0,b'icmp',b'eco_i',b'SF',8,0,0,0,0,0,0,0,0,0,0,0,0,0,0,0,0,0,1,30,0.0,0.0,0.0,0.0,1.0,0.0,1.0,4,61,1.0,0.0,1.0,0.26,0.0,0.0,0.0,0.0,b'nmap.'
0,b'icmp',b'eco_i',b'SF',8,0,0,0,0,0,0,0,0,0,0,0,0,0,0,0,0,0,1,39,0.0,0.0,0.0,0.0,1.0,0.0,1.0,2,61,1.0,0.0,1.0,0.26,0.0,0.0,0.0,0.0,b'nmap.'
0,b'icmp',b'eco_i',b'SF',8,0,0,0,0,0,0,0,0,0,0,0,0,0,0,0,0,0,1,10,0.0,0.0,0.0,0.0,1.0,0.0,1.0,4,68,1.0,0.0,1.0,0.25,0.0,0.0,0.0,0.0,b'nmap.'
0,b'icmp',b'eco_i',b'SF',8,0,0,0,0,0,0,0,0,0,0,0,0,0,0,0,0,0,1,34,0.0,0.0,0.0,0.0,1.0,0.0,1.0,2,78,1.0,0.0,1.0,0.26,0.0,0.0,0.0,0.0,b'nmap.'
0,b'icmp',b'eco_i',b'SF',8,0,0,0,0,0,0,0,0,0,0,0,0,0,0,0,0,0,1,15,0.0,0.0,0.0,0.0,1.0,0.0,1.0,4,88,1.0,0.0,1.0,0.25,0.0,0.0,0.0,0.0,b'nmap.'
0,b'icmp',b'eco_i',b'SF',8,0,0,0,0,0,0,0,0,0,0,0,0,0,0,0,0,0,1,30,0.0,0.0,0.0,0.0,1.0,0.0,1.0,2,98,1.0,0.0,1.0,0.26,0.0,0.0,0.0,0.0,b'nmap.'
0,b'icmp',b'eco_i',b'SF',8,0,0,0,0,0,0,0,0,0,0,0,0,0,0,0,0,0,1,19,0.0,0.0,0.0,0.0,1.0,0.0,1.0,4,108,1.0,0.0,1.0,0.25,0.0,0.0,0.0,0.0,b'nmap.'
0,b'icmp',b'eco_i',b'SF',8,0,0,0,0,0,0,0,0,0,0,0,0,0,0,0,0,0,1,25,0.0,0.0,0.0,0.0,1.0,0.0,1.0,2,118,1.0,0.0,1.0,0.25,0.0,0.0,0.0,0.0,b'nmap.'
0,b'icmp',b'eco_i',b'SF',8,0,0,0,0,0,0,0,0,0,0,0,0,0,0,0,0,0,1,24,0.0,0.0,0.0,0.0,1.0,0.0,1.0,4,128,1.0,0.0,1.0,0.25,0.0,0.0,0.0,0.0,b'nmap.'
0,b'icmp',b'eco_i',b'SF',8,0,0,0,0,0,0,0,0,0,0,0,0,0,0,0,0,0,1,21,0.0,0.0,0.0,0.0,1.0,0.0,1.0,2,138,1.0,0.0,1.0,0.25,0.0,0.0,0.0,0.0,b'nmap.'
0,b'icmp',b'eco_i',b'SF',8,0,0,0,0,0,0,0,0,0,0,0,0,0,0,0,0,0,1,28,0.0,0.0,0.0,0.0,1.0,0.0,1.0,4,148,1.0,0.0,1.0,0.25,0.0,0.0,0.0,0.0,b'nmap.'
0,b'icmp',b'eco_i',b'SF',8,0,0,0,0,0,0,0,0,0,0,0,0,0,0,0,0,0,1,51,0.0,0.0,0.0,0.0,1.0,0.0,1.0,2,158,1.0,0.0,1.0,0.25,0.0,0.0,0.0,0.0,b'nmap.'
0,b'icmp',b'eco_i',b'SF',8,0,0,0,0,0,0,0,0,0,0,0,0,0,0,0,0,0,1,33,0.0,0.0,0.0,0.0,1.0,0.0,1.0,4,168,1.0,0.0,1.0,0.25,0.0,0.0,0.0,0.0,b'nmap.'
0,b'icmp',b'eco_i',b'SF',8,0,0,0,0,0,0,0,0,0,0,0,0,0,0,0,0,0,1,51,0.0,0.0,0.0,0.0,1.0,0.0,1.0,2,178,1.0,0.0,1.0,0.25,0.0,0.0,0.0,0.0,b'nmap.'
0,b'icmp',b'eco_i',b'SF',8,0,0,0,0,0,0,0,0,0,0,0,0,0,0,0,0,0,1,37,0.0,0.0,0.0,0.0,1.0,0.0,1.0,4,188,1.0,0.0,1.0,0.25,0.0,0.0,0.0,0.0,b'nmap.'
0,b'icmp',b'eco_i',b'SF',8,0,0,0,0,0,0,0,0,0,0,0,0,0,0,0,0,0,1,10,0.0,0.0,0.0,0.0,1.0,0.0,1.0,2,198,1.0,0.0,1.0,0.25,0.0,0.0,0.0,0.0,b'nmap.'
0,b'icmp',b'eco_i',b'SF',8,0,0,0,0,0,0,0,0,0,0,0,0,0,0,0,0,0,1,41,0.0,0.0,0.0,0.0,1.0,0.0,1.0,4,8,1.0,0.0,1.0,0.25,0.0,0.0,0.0,0.0,b'nmap.'
0,b'icmp',b'eco_i',b'SF',8,0,0,0,0,0,0,0,0,0,0,0,0,0,0,0,0,0,1,3,0.0,0.0,0.0,0.0,1.0,0.0,1.0,2,18,1.0,0.0,1.0,0.28,0.0,0.0,0.0,0.0,b'nmap.'
0,b'icmp',b'eco_i',b'SF',8,0,0,0,0,0,0,0,0,0,0,0,0,0,0,0,0,0,46,34,0.0,0.0,0.0,0.0,0.02,0.04,1.0,4,28,1.0,0.0,1.0,0.25,0.0,0.0,0.0,0.0,b'nmap.'
0,b'icmp',b'eco_i',b'SF',8,0,0,0,0,0,0,0,0,0,0,0,0,0,0,0,0,0,1,45,0.0,0.0,0.0,0.0,1.0,0.0,1.0,2,10,1.0,0.0,1.0,0.3,0.0,0.0,0.0,0.0,b'nmap.'
0,b'icmp',b'eco_i',b'SF',8,0,0,0,0,0,0,0,0,0,0,0,0,0,0,0,0,0,1,49,0.0,0.0,0.0,0.0,1.0,0.0,1.0,4,20,1.0,0.0,1.0,0.25,0.0,0.0,0.0,0.0,b'nmap.'
0,b'icmp',b'eco_i',b'SF',8,0,0,0,0,0,0,0,0,0,0,0,0,0,0,0,0,0,1,50,0.0,0.0,0.0,0.0,1.0,0.0,1.0,2,30,1.0,0.0,1.0,0.27,0.0,0.0,0.0,0.0,b'nmap.'
0,b'icmp',b'eco_i',b'SF',8,0,0,0,0,0,0,0,0,0,0,0,0,0,0,0,0,0,1,1,0.0,0.0,0.0,0.0,1.0,0.0,0.0,3,35,1.0,0.0,1.0,0.26,0.0,0.0,0.0,0.0,b'nmap.'
0,b'icmp',b'eco_i',b'SF',8,0,0,0,0,0,0,0,0,0,0,0,0,0,0,0,0,0,1,2,0.0,0.0,0.0,0.0,1.0,0.0,1.0,1,45,1.0,0.0,1.0,0.27,0.0,0.0,0.0,0.0,b'nmap.'
0,b'icmp',b'eco_i',b'SF',8,0,0,0,0,0,0,0,0,0,0,0,0,0,0,0,0,0,1,5,0.0,0.0,0.0,0.0,1.0,0.0,1.0,3,55,1.0,0.0,1.0,0.25,0.0,0.0,0.0,0.0,b'nmap.'
0,b'icmp',b'eco_i',b'SF',8,0,0,0,0,0,0,0,0,0,0,0,0,0,0,0,0,0,1,6,0.0,0.0,0.0,0.0,1.0,0.0,1.0,1,65,1.0,0.0,1.0,0.26,0.0,0.0,0.0,0.0,b'nmap.'
0,b'icmp',b'eco_i',b'SF',8,0,0,0,0,0,0,0,0,0,0,0,0,0,0,0,0,0,1,10,0.0,0.0,0.0,0.0,1.0,0.0,1.0,3,75,1.0,0.0,1.0,0.25,0.0,0.0,0.0,0.0,b'nmap.'
0,b'icmp',b'eco_i',b'SF',8,0,0,0,0,0,0,0,0,0,0,0,0,0,0,0,0,0,1,22,0.0,0.0,0.0,0.0,1.0,0.0,1.0,1,80,1.0,0.0,1.0,0.26,0.0,0.0,0.0,0.0,b'nmap.'
0,b'icmp',b'eco_i',b'SF',8,0,0,0,0,0,0,0,0,0,0,0,0,0,0,0,0,0,1,14,0.0,0.0,0.0,0.0,1.0,0.0,1.0,3,80,1.0,0.0,1.0,0.26,0.0,0.0,0.0,0.0,b'nmap.'
0,b'icmp',b'eco_i',b'SF',8,0,0,0,0,0,0,0,0,0,0,0,0,0,0,0,0,0,1,15,0.0,0.0,0.0,0.0,1.0,0.0,1.0,1,80,1.0,0.0,1.0,0.26,0.0,0.0,0.0,0.0,b'nmap.'
0,b'icmp',b'eco_i',b'SF',8,0,0,0,0,0,0,0,0,0,0,0,0,0,0,0,0,0,1,19,0.0,0.0,0.0,0.0,1.0,0.0,1.0,3,83,1.0,0.0,1.0,0.25,0.0,0.0,0.0,0.0,b'nmap.'
0,b'icmp',b'eco_i',b'SF',8,0,0,0,0,0,0,0,0,0,0,0,0,0,0,0,0,0,1,20,0.0,0.0,0.0,0.0,1.0,0.0,1.0,1,93,1.0,0.0,1.0,0.26,0.0,0.0,0.0,0.0,b'nmap.'
0,b'icmp',b'eco_i',b'SF',8,0,0,0,0,0,0,0,0,0,0,0,0,0,0,0,0,0,1,23,0.0,0.0,0.0,0.0,1.0,0.0,1.0,3,103,1.0,0.0,1.0,0.25,0.0,0.0,0.0,0.0,b'nmap.'
0,b'icmp',b'eco_i',b'SF',8,0,0,0,0,0,0,0,0,0,0,0,0,0,0,0,0,0,1,25,0.0,0.0,0.0,0.0,1.0,0.0,1.0,1,113,1.0,0.0,1.0,0.26,0.0,0.0,0.0,0.0,b'nmap.'
0,b'icmp',b'eco_i',b'SF',8,0,0,0,0,0,0,0,0,0,0,0,0,0,0,0,0,0,1,28,0.0,0.0,0.0,0.0,1.0,0.0,1.0,3,123,1.0,0.0,1.0,0.25,0.0,0.0,0.0,0.0,b'nmap.'
0,b'icmp',b'eco_i',b'SF',8,0,0,0,0,0,0,0,0,0,0,0,0,0,0,0,0,0,1,44,0.0,0.0,0.0,0.0,1.0,0.0,1.0,1,133,1.0,0.0,1.0,0.26,0.0,0.0,0.0,0.0,b'nmap.'
0,b'icmp',b'eco_i',b'SF',8,0,0,0,0,0,0,0,0,0,0,0,0,0,0,0,0,0,1,37,0.0,0.0,0.0,0.0,1.0,0.0,1.0,3,143,1.0,0.0,1.0,0.25,0.0,0.0,0.0,0.0,b'nmap.'
0,b'icmp',b'eco_i',b'SF',8,0,0,0,0,0,0,0,0,0,0,0,0,0,0,0,0,0,1,40,0.0,0.0,0.0,0.0,1.0,0.0,1.0,1,153,1.0,0.0,1.0,0.25,0.0,0.0,0.0,0.0,b'nmap.'
0,b'icmp',b'eco_i',b'SF',8,0,0,0,0,0,0,0,0,0,0,0,0,0,0,0,0,0,1,37,0.0,0.0,0.0,0.0,1.0,0.0,1.0,3,163,1.0,0.0,1.0,0.25,0.0,0.0,0.0,0.0,b'nmap.'
0,b'icmp',b'eco_i',b'SF',8,0,0,0,0,0,0,0,0,0,0,0,0,0,0,0,0,0,1,35,0.0,0.0,0.0,0.0,1.0,0.0,1.0,1,173,1.0,0.0,1.0,0.25,0.0,0.0,0.0,0.0,b'nmap.'
0,b'icmp',b'eco_i',b'SF',8,0,0,0,0,0,0,0,0,0,0,0,0,0,0,0,0,0,1,42,0.0,0.0,0.0,0.0,1.0,0.0,1.0,3,183,1.0,0.0,1.0,0.25,0.0,0.0,0.0,0.0,b'nmap.'
0,b'icmp',b'eco_i',b'SF',8,0,0,0,0,0,0,0,0,0,0,0,0,0,0,0,0,0,1,31,0.0,0.0,0.0,0.0,1.0,0.0,1.0,1,193,1.0,0.0,1.0,0.25,0.0,0.0,0.0,0.0,b'nmap.'
0,b'icmp',b'eco_i',b'SF',8,0,0,0,0,0,0,0,0,0,0,0,0,0,0,0,0,0,1,46,0.0,0.0,0.0,0.0,1.0,0.0,1.0,3,203,1.0,0.0,1.0,0.25,0.0,0.0,0.0,0.0,b'nmap.'
0,b'icmp',b'eco_i',b'SF',8,0,0,0,0,0,0,0,0,0,0,0,0,0,0,0,0,0,1,27,0.0,0.0,0.0,0.0,1.0,0.0,1.0,1,213,1.0,0.0,1.0,0.25,0.0,0.0,0.0,0.0,b'nmap.'
0,b'icmp',b'eco_i',b'SF',8,0,0,0,0,0,0,0,0,0,0,0,0,0,0,0,0,0,1,42,0.0,0.0,0.0,0.0,1.0,0.0,1.0,3,223,1.0,0.0,1.0,0.25,0.0,0.0,0.0,0.0,b'nmap.'
0,b'icmp',b'eco_i',b'SF',8,0,0,0,0,0,0,0,0,0,0,0,0,0,0,0,0,0,1,31,0.0,0.0,0.0,0.0,1.0,0.0,1.0,1,233,1.0,0.0,1.0,0.25,0.0,0.0,0.0,0.0,b'nmap.'
0,b'icmp',b'eco_i',b'SF',8,0,0,0,0,0,0,0,0,0,0,0,0,0,0,0,0,0,1,46,0.0,0.0,0.0,0.0,1.0,0.0,1.0,3,243,1.0,0.0,1.0,0.25,0.0,0.0,0.0,0.0,b'nmap.'
0,b'icmp',b'eco_i',b'SF',8,0,0,0,0,0,0,0,0,0,0,0,0,0,0,0,0,0,1,36,0.0,0.0,0.0,0.0,1.0,0.0,1.0,1,253,1.0,0.0,1.0,0.25,0.0,0.0,0.0,0.0,b'nmap.'
0,b'icmp',b'eco_i',b'SF',8,0,0,0,0,0,0,0,0,0,0,0,0,0,0,0,0,0,1,51,0.0,0.0,0.0,0.0,1.0,0.0,1.0,3,255,1.0,0.0,1.0,0.25,0.0,0.0,0.0,0.0,b'nmap.'
0,b'icmp',b'eco_i',b'SF',8,0,0,0,0,0,0,0,0,0,0,0,0,0,0,0,0,0,1,40,0.0,0.0,0.0,0.0,1.0,0.0,1.0,1,255,1.0,0.0,1.0,0.25,0.0,0.0,0.0,0.0,b'nmap.'
0,b'icmp',b'eco_i',b'SF',8,0,0,0,0,0,0,0,0,0,0,0,0,0,0,0,0,0,1,5,0.0,0.0,0.0,0.0,1.0,0.0,1.0,3,255,1.0,0.0,1.0,0.25,0.0,0.0,0.0,0.0,b'nmap.'
0,b'icmp',b'eco_i',b'SF',8,0,0,0,0,0,0,0,0,0,0,0,0,0,0,0,0,0,1,45,0.0,0.0,0.0,0.0,1.0,0.0,1.0,1,255,1.0,0.0,1.0,0.25,0.0,0.0,0.0,0.0,b'nmap.'
0,b'icmp',b'eco_i',b'SF',8,0,0,0,0,0,0,0,0,0,0,0,0,0,0,0,0,0,1,1,0.0,0.0,0.0,0.0,1.0,0.0,0.0,3,255,1.0,0.0,1.0,0.25,0.0,0.0,0.0,0.0,b'nmap.'
0,b'icmp',b'eco_i',b'SF',8,0,0,0,0,0,0,0,0,0,0,0,0,0,0,0,0,0,1,6,0.0,0.0,0.0,0.0,1.0,0.0,1.0,1,255,1.0,0.0,1.0,0.25,0.0,0.0,0.0,0.0,b'nmap.'
0,b'icmp',b'eco_i',b'SF',8,0,0,0,0,0,0,0,0,0,0,0,0,0,0,0,0,0,1,32,0.0,0.0,0.0,0.0,1.0,0.0,1.0,1,41,1.0,0.0,1.0,0.27,0.0,0.0,0.0,0.0,b'nmap.'
0,b'icmp',b'eco_i',b'SF',8,0,0,0,0,0,0,0,0,0,0,0,0,0,0,0,0,0,1,13,0.0,0.0,0.0,0.0,1.0,0.0,1.0,3,41,1.0,0.0,1.0,0.27,0.0,0.0,0.0,0.0,b'nmap.'
0,b'icmp',b'eco_i',b'SF',8,0,0,0,0,0,0,0,0,0,0,0,0,0,0,0,0,0,1,37,0.0,0.0,0.0,0.0,1.0,0.0,1.0,1,41,1.0,0.0,1.0,0.27,0.0,0.0,0.0,0.0,b'nmap.'
0,b'icmp',b'eco_i',b'SF',8,0,0,0,0,0,0,0,0,0,0,0,0,0,0,0,0,0,1,19,0.0,0.0,0.0,0.0,1.0,0.0,1.0,3,42,1.0,0.0,1.0,0.26,0.0,0.0,0.0,0.0,b'nmap.'
0,b'icmp',b'eco_i',b'SF',8,0,0,0,0,0,0,0,0,0,0,0,0,0,0,0,0,0,1,41,0.0,0.0,0.0,0.0,1.0,0.0,1.0,1,49,1.0,0.0,1.0,0.27,0.0,0.0,0.0,0.0,b'nmap.'
0,b'icmp',b'eco_i',b'SF',8,0,0,0,0,0,0,0,0,0,0,0,0,0,0,0,0,0,1,22,0.0,0.0,0.0,0.0,1.0,0.0,1.0,3,59,1.0,0.0,1.0,0.25,0.0,0.0,0.0,0.0,b'nmap.'
0,b'icmp',b'eco_i',b'SF',8,0,0,0,0,0,0,0,0,0,0,0,0,0,0,0,0,0,1,46,0.0,0.0,0.0,0.0,1.0,0.0,1.0,1,69,1.0,0.0,1.0,0.26,0.0,0.0,0.0,0.0,b'nmap.'
0,b'icmp',b'eco_i',b'SF',8,0,0,0,0,0,0,0,0,0,0,0,0,0,0,0,0,0,1,27,0.0,0.0,0.0,0.0,1.0,0.0,1.0,3,79,1.0,0.0,1.0,0.25,0.0,0.0,0.0,0.0,b'nmap.'
0,b'icmp',b'eco_i',b'SF',8,0,0,0,0,0,0,0,0,0,0,0,0,0,0,0,0,0,1,50,0.0,0.0,0.0,0.0,1.0,0.0,1.0,1,89,1.0,0.0,1.0,0.26,0.0,0.0,0.0,0.0,b'nmap.'
0,b'icmp',b'eco_i',b'SF',8,0,0,0,0,0,0,0,0,0,0,0,0,0,0,0,0,0,1,32,0.0,0.0,0.0,0.0,1.0,0.0,1.0,3,99,1.0,0.0,1.0,0.25,0.0,0.0,0.0,0.0,b'nmap.'
0,b'icmp',b'eco_i',b'SF',8,0,0,0,0,0,0,0,0,0,0,0,0,0,0,0,0,0,1,28,0.0,0.0,0.0,0.0,1.0,0.0,1.0,1,109,1.0,0.0,1.0,0.26,0.0,0.0,0.0,0.0,b'nmap.'
0,b'icmp',b'eco_i',b'SF',8,0,0,0,0,0,0,0,0,0,0,0,0,0,0,0,0,0,1,37,0.0,0.0,0.0,0.0,1.0,0.0,1.0,3,119,1.0,0.0,1.0,0.25,0.0,0.0,0.0,0.0,b'nmap.'
0,b'icmp',b'eco_i',b'SF',8,0,0,0,0,0,0,0,0,0,0,0,0,0,0,0,0,0,1,24,0.0,0.0,0.0,0.0,1.0,0.0,1.0,1,129,1.0,0.0,1.0,0.26,0.0,0.0,0.0,0.0,b'nmap.'
0,b'icmp',b'eco_i',b'SF',8,0,0,0,0,0,0,0,0,0,0,0,0,0,0,0,0,0,1,29,0.0,0.0,0.0,0.0,1.0,0.0,1.0,3,139,1.0,0.0,1.0,0.25,0.0,0.0,0.0,0.0,b'nmap.'
0,b'icmp',b'eco_i',b'SF',8,0,0,0,0,0,0,0,0,0,0,0,0,0,0,0,0,0,1,19,0.0,0.0,0.0,0.0,1.0,0.0,1.0,1,149,1.0,0.0,1.0,0.26,0.0,0.0,0.0,0.0,b'nmap.'
0,b'icmp',b'eco_i',b'SF',8,0,0,0,0,0,0,0,0,0,0,0,0,0,0,0,0,0,1,45,0.0,0.0,0.0,0.0,1.0,0.0,1.0,3,159,1.0,0.0,1.0,0.25,0.0,0.0,0.0,0.0,b'nmap.'
0,b'icmp',b'eco_i',b'SF',8,0,0,0,0,0,0,0,0,0,0,0,0,0,0,0,0,0,1,10,0.0,0.0,0.0,0.0,1.0,0.0,1.0,1,169,1.0,0.0,1.0,0.25,0.0,0.0,0.0,0.0,b'nmap.'
0,b'icmp',b'eco_i',b'SF',8,0,0,0,0,0,0,0,0,0,0,0,0,0,0,0,0,0,1,50,0.0,0.0,0.0,0.0,1.0,0.0,1.0,3,179,1.0,0.0,1.0,0.25,0.0,0.0,0.0,0.0,b'nmap.'
0,b'icmp',b'eco_i',b'SF',8,0,0,0,0,0,0,0,0,0,0,0,0,0,0,0,0,0,1,10,0.0,0.0,0.0,0.0,1.0,0.0,1.0,1,189,1.0,0.0,1.0,0.25,0.0,0.0,0.0,0.0,b'nmap.'
0,b'icmp',b'eco_i',b'SF',8,0,0,0,0,0,0,0,0,0,0,0,0,0,0,0,0,0,1,9,0.0,0.0,0.0,0.0,1.0,0.0,1.0,3,199,1.0,0.0,1.0,0.25,0.0,0.0,0.0,0.0,b'nmap.'
0,b'icmp',b'eco_i',b'SF',8,0,0,0,0,0,0,0,0,0,0,0,0,0,0,0,0,0,1,5,0.0,0.0,0.0,0.0,1.0,0.0,1.0,1,209,1.0,0.0,1.0,0.25,0.0,0.0,0.0,0.0,b'nmap.'
